pdb_id,chain,residue_number,amino_acid,viable
1gfl,A,10,G,0
1gfl,A,25,H,1
1gfl,A,39,Y,1
1gfl,A,45,K,0
1gfl,A,50,T,1
1gfl,A,64,F,0
1gfl,A,69,Q,0
1gfl,A,76,D,0
1gfl,A,83,F,0
1gfl,A,97,T,0
1gfl,A,103,D,1
1gfl,A,117,D,1
1gfl,A,131,K,0
1gfl,A,145,Y,1
1gfl,A,158,K,1
1gfl,A,166,K,0
1gfl,A,174,G,1
1gfl,A,205,S,0
1gfl,A,213,E,0
1gfl,A,229,I,1
1a2j,A,37,E,1
1a2j,A,41,H,1
1a2j,A,57,T,1
1a2j,A,66,G,1
1a2j,A,73,T,0
1a2j,A,77,A,0
1a2j,A,83,G,0
1a2j,A,89,T,0
1a2j,A,95,G,0
1a2j,A,107,D,1
1a2j,A,116,G,1
1a2j,A,119,G,1
1a2j,A,123,D,0
1a2j,A,128,S,1
1a2j,A,133,S,0
1a2j,A,136,A,0
1a2j,A,143,A,0
1a2j,A,148,R,1
1a2j,A,152,A,0
1a2j,A,157,G,1
1a2j,A,161,L,0
1a2j,A,172,D,1
2b3p,A,23,N,1
2b3p,A,39,N,1
2b3p,A,51,G,1
2b3p,A,91,G,1
2b3p,A,102,D,1
2b3p,A,117,D,1
2b3p,A,129,D,0
2b3p,A,140,K,1
2b3p,A,145,F,1
2b3p,A,157,Q,1
2b3p,A,173,D,1
2b3p,A,189,G,1
2b3p,A,195,L,1
2b3p,A,214,K,1
2b3q,A,23,N,0
2b3q,A,39,Y,0
2b3q,A,51,G,0
2b3q,A,91,G,0
2b3q,A,102,D,0
2b3q,A,117,D,1
2b3q,A,129,D,0
2b3q,A,140,K,0
2b3q,A,145,Y,0
2b3q,A,157,Q,1
2b3q,A,173,D,1
2b3q,A,189,G,0
2b3q,A,195,L,0
2b3q,A,214,K,0
5mbn,A,3,S,0
5mbn,A,4,E,0
5mbn,A,5,G,0
5mbn,A,6,E,0
5mbn,A,7,W,0
5mbn,A,8,Q,0
5mbn,A,9,L,0
5mbn,A,10,V,0
5mbn,A,11,L,0
5mbn,A,12,H,0
5mbn,A,13,V,0
5mbn,A,14,W,0
5mbn,A,15,A,0
5mbn,A,16,K,0
5mbn,A,17,V,0
5mbn,A,18,E,0
5mbn,A,19,A,1
5mbn,A,20,D,0
5mbn,A,21,V,0
5mbn,A,22,A,0
5mbn,A,23,G,0
5mbn,A,24,H,0
5mbn,A,25,G,0
5mbn,A,26,Q,0
5mbn,A,27,D,0
5mbn,A,28,I,0
5mbn,A,29,L,0
5mbn,A,30,I,0
5mbn,A,31,R,0
5mbn,A,32,L,0
5mbn,A,33,F,0
5mbn,A,34,K,0
5mbn,A,35,S,0
5mbn,A,119,H,1
5mbn,A,120,P,1
5mbn,A,121,G,1
5mbn,A,122,D,1
5mbn,A,123,F,1
5mbn,A,124,G,0
5mbn,A,125,A,0
5mbn,A,126,D,0
5mbn,A,127,A,0
5mbn,A,128,Q,0
5mbn,A,129,G,0
5mbn,A,130,A,0
5mbn,A,131,M,0
5mbn,A,132,N,0
5mbn,A,133,K,0
5mbn,A,134,A,0
5mbn,A,135,L,0
5mbn,A,136,E,0
5mbn,A,137,L,0
5mbn,A,138,F,0
5mbn,A,139,R,0
5mbn,A,140,K,0
5mbn,A,141,D,0
5mbn,A,142,I,0
5mbn,A,143,A,0
5mbn,A,144,A,0
5mbn,A,145,K,0
5mbn,A,146,Y,0
5mbn,A,147,K,0
5mbn,A,148,E,0
5mbn,A,149,L,0
1pii,A,275,G,1
1pii,A,276,A,1
1pii,A,277,I,1
1pii,A,301,A,1
1pii,A,302,A,1
1pii,A,303,A,1
1pii,A,304,P,1
1pii,A,305,L,1
1pii,A,327,S,0
1pii,A,328,L,0
1pii,A,329,A,0
1pii,A,349,L,0
1pii,A,350,P,0
1pii,A,351,A,0
1pii,A,352,H,0
1pii,A,353,V,0
1pii,A,361,V,1
1pii,A,362,G,1
1pii,A,363,E,1
1pii,A,364,T,1
1pii,A,365,L,1
1pii,A,366,P,1
1pii,A,367,A,1
1pii,A,368,R,1
1pii,A,369,E,1
1pii,A,370,F,1
1pii,A,371,Q,1
1pii,A,372,H,1
1pii,A,373,V,1
1pii,A,374,D,1
1pii,A,395,N,1
1pii,A,396,G,1
1pii,A,397,Q,1
1pii,A,398,S,1
1pii,A,399,L,1
1pii,A,400,G,1
1pii,A,401,N,1
1pii,A,418,Q,1
1pii,A,419,T,1
1pii,A,420,G,1
1pii,A,421,C,1
1pii,A,422,A,1
